Paper ID,Section,Paragraph ID,Line ID,News URL,News ID,DOI,id,Paper Context,News Context,Paper Finding,News Finding,Matching?,Similarity score,Notes,text
12345678,Results,15,3,https://www.sciencenews.org/article/climate-warming-ocean,1,10.1038/s41558-023-01234-5,0,"Our analysis of ocean temperature data from 1950-2023 reveals significant warming trends across all major ocean basins. The rate of warming has accelerated notably since 1990, with deep ocean layers showing unprecedented heat accumulation. Statistical analysis confirms these trends are inconsistent with natural variability alone.","Scientists have confirmed what many feared: the oceans are warming faster than ever. A comprehensive study spanning seven decades shows that warming rates have doubled since 1990. The research team warns that this could have devastating effects on marine ecosystems and global weather patterns.","The rate of warming has accelerated notably since 1990, with deep ocean layers showing unprecedented heat accumulation.","A comprehensive study spanning seven decades shows that warming rates have doubled since 1990.",True,0.82,"","{'News': '<span data-toggle=""tooltip"" data-html=""true"" data-placement=""top"" title=""Scientists have confirmed what many feared: the oceans are warming faster than ever. A comprehensive study spanning seven decades shows that warming rates have doubled since 1990. The research team warns that this could have devastating effects on marine ecosystems and global weather patterns."">A comprehensive study spanning seven decades shows that warming rates have doubled since 1990.</span>', 'Paper': '<span data-toggle=""tooltip"" data-html=""true"" data-placement=""top"" title=""Our analysis of ocean temperature data from 1950-2023 reveals significant warming trends across all major ocean basins. The rate of warming has accelerated notably since 1990, with deep ocean layers showing unprecedented heat accumulation. Statistical analysis confirms these trends are inconsistent with natural variability alone."">The rate of warming has accelerated notably since 1990, with deep ocean layers showing unprecedented heat accumulation.</span>'}"
23456789,Methods,8,2,https://www.healthnews.com/article/new-vaccine-trial,2,10.1016/j.vaccine.2023.05.012,1,"Participants were randomly assigned to receive either the experimental mRNA vaccine or placebo in a double-blind design. Primary endpoints included antibody response at 28 days post-vaccination and adverse event frequency. The trial enrolled 15,000 participants across 50 clinical sites.","The new vaccine trial has begun with thousands of volunteers signing up across the country. Researchers are testing whether the new approach can provide better protection than existing vaccines. Results are expected within six months.","The trial enrolled 15,000 participants across 50 clinical sites.","The new vaccine trial has begun with thousands of volunteers signing up across the country.",False,0.35,"","{'News': '<span data-toggle=""tooltip"" data-html=""true"" data-placement=""top"" title=""The new vaccine trial has begun with thousands of volunteers signing up across the country. Researchers are testing whether the new approach can provide better protection than existing vaccines. Results are expected within six months."">The new vaccine trial has begun with thousands of volunteers signing up across the country.</span>', 'Paper': '<span data-toggle=""tooltip"" data-html=""true"" data-placement=""top"" title=""Participants were randomly assigned to receive either the experimental mRNA vaccine or placebo in a double-blind design. Primary endpoints included antibody response at 28 days post-vaccination and adverse event frequency. The trial enrolled 15,000 participants across 50 clinical sites."">The trial enrolled 15,000 participants across 50 clinical sites.</span>'}"
34567890,Discussion,22,7,https://www.psychologytoday.com/article/sleep-memory,3,10.1037/pspp0000456,2,"Our findings demonstrate a causal relationship between sleep quality and memory consolidation. Participants who achieved more than 7 hours of quality sleep showed 40% better recall performance compared to sleep-deprived individuals. These results support the active systems consolidation hypothesis.","Getting enough sleep could be the key to better memory, according to new research. Scientists found that people who sleep well remember things much better than those who don't. The study suggests we should prioritize sleep for optimal brain function.","Participants who achieved more than 7 hours of quality sleep showed 40% better recall performance compared to sleep-deprived individuals.","Scientists found that people who sleep well remember things much better than those who don't.",True,0.75,"","{'News': '<span data-toggle=""tooltip"" data-html=""true"" data-placement=""top"" title=""Getting enough sleep could be the key to better memory, according to new research. Scientists found that people who sleep well remember things much better than those who do not. The study suggests we should prioritize sleep for optimal brain function."">Scientists found that people who sleep well remember things much better than those who don''t.</span>', 'Paper': '<span data-toggle=""tooltip"" data-html=""true"" data-placement=""top"" title=""Our findings demonstrate a causal relationship between sleep quality and memory consolidation. Participants who achieved more than 7 hours of quality sleep showed 40% better recall performance compared to sleep-deprived individuals. These results support the active systems consolidation hypothesis."">Participants who achieved more than 7 hours of quality sleep showed 40% better recall performance compared to sleep-deprived individuals.</span>'}"
45678901,Abstract,0,4,https://www.technews.com/ai-breakthrough,4,10.1126/science.abc1234,3,"We present a novel deep learning architecture that achieves state-of-the-art performance on natural language understanding benchmarks. Our model reduces computational requirements by 60% while maintaining accuracy. The approach utilizes sparse attention mechanisms and efficient parameter sharing.","A major tech company has unveiled what it calls a revolutionary AI system. The company claims the new technology will transform how we interact with computers. Industry experts are divided on whether the claims are justified.","Our model reduces computational requirements by 60% while maintaining accuracy.","A major tech company has unveiled what it calls a revolutionary AI system.",False,0.12,"","{'News': '<span data-toggle=""tooltip"" data-html=""true"" data-placement=""top"" title=""A major tech company has unveiled what it calls a revolutionary AI system. The company claims the new technology will transform how we interact with computers. Industry experts are divided on whether the claims are justified."">A major tech company has unveiled what it calls a revolutionary AI system.</span>', 'Paper': '<span data-toggle=""tooltip"" data-html=""true"" data-placement=""top"" title=""We present a novel deep learning architecture that achieves state-of-the-art performance on natural language understanding benchmarks. Our model reduces computational requirements by 60% while maintaining accuracy. The approach utilizes sparse attention mechanisms and efficient parameter sharing."">Our model reduces computational requirements by 60% while maintaining accuracy.</span>'}"
56789012,Results,31,9,https://www.naturenews.com/biodiversity-loss,5,10.1038/s41586-023-06789-0,4,"Analysis of satellite imagery combined with ground surveys reveals a 68% decline in insect biomass in temperate regions over the past 30 years. The decline correlates strongly with agricultural intensification (r=0.89, p<0.001) and habitat fragmentation. Pollinator species show the steepest declines, averaging 75% reduction.","Insects are disappearing at an alarming rate, new research shows. A major study found that insect populations have declined by more than two-thirds in some regions. Researchers warn this could have catastrophic effects on food production and ecosystems.","Analysis of satellite imagery combined with ground surveys reveals a 68% decline in insect biomass in temperate regions over the past 30 years.","A major study found that insect populations have declined by more than two-thirds in some regions.",True,0.88,"","{'News': '<span data-toggle=""tooltip"" data-html=""true"" data-placement=""top"" title=""Insects are disappearing at an alarming rate, new research shows. A major study found that insect populations have declined by more than two-thirds in some regions. Researchers warn this could have catastrophic effects on food production and ecosystems."">A major study found that insect populations have declined by more than two-thirds in some regions.</span>', 'Paper': '<span data-toggle=""tooltip"" data-html=""true"" data-placement=""top"" title=""Analysis of satellite imagery combined with ground surveys reveals a 68% decline in insect biomass in temperate regions over the past 30 years. The decline correlates strongly with agricultural intensification (r=0.89, p<0.001) and habitat fragmentation. Pollinator species show the steepest declines, averaging 75% reduction."">Analysis of satellite imagery combined with ground surveys reveals a 68% decline in insect biomass in temperate regions over the past 30 years.</span>'}"
67890123,Introduction,3,1,https://www.medicalnews.com/exercise-benefits,6,10.1001/jama.2023.12345,5,"Regular physical exercise has been associated with numerous health benefits in epidemiological studies. However, the optimal intensity and duration remain subjects of debate. This study aims to establish evidence-based guidelines for exercise prescription.","Exercise is good for you - but how much should you do? That's the question scientists are trying to answer. A new study may finally provide the answers we've been looking for about the ideal workout routine.","Regular physical exercise has been associated with numerous health benefits in epidemiological studies.","Exercise is good for you - but how much should you do?",False,0.28,"","{'News': '<span data-toggle=""tooltip"" data-html=""true"" data-placement=""top"" title=""Exercise is good for you - but how much should you do? That is the question scientists are trying to answer. A new study may finally provide the answers we have been looking for about the ideal workout routine."">Exercise is good for you - but how much should you do?</span>', 'Paper': '<span data-toggle=""tooltip"" data-html=""true"" data-placement=""top"" title=""Regular physical exercise has been associated with numerous health benefits in epidemiological studies. However, the optimal intensity and duration remain subjects of debate. This study aims to establish evidence-based guidelines for exercise prescription."">Regular physical exercise has been associated with numerous health benefits in epidemiological studies.</span>'}"
78901234,Conclusion,45,12,https://www.spacenews.com/mars-discovery,7,10.1126/science.xyz9876,6,"Spectroscopic analysis of Martian soil samples reveals the presence of organic compounds consistent with ancient microbial activity. While not conclusive evidence of past life, these findings significantly increase the probability of biological processes having occurred on Mars. Further sample return missions are recommended.","Scientists have discovered what could be signs of ancient life on Mars. Analysis of soil samples has revealed organic molecules that might have been produced by living organisms. The findings have reignited debate about whether Mars once harbored life.","Spectroscopic analysis of Martian soil samples reveals the presence of organic compounds consistent with ancient microbial activity.","Scientists have discovered what could be signs of ancient life on Mars.",True,0.79,"","{'News': '<span data-toggle=""tooltip"" data-html=""true"" data-placement=""top"" title=""Scientists have discovered what could be signs of ancient life on Mars. Analysis of soil samples has revealed organic molecules that might have been produced by living organisms. The findings have reignited debate about whether Mars once harbored life."">Scientists have discovered what could be signs of ancient life on Mars.</span>', 'Paper': '<span data-toggle=""tooltip"" data-html=""true"" data-placement=""top"" title=""Spectroscopic analysis of Martian soil samples reveals the presence of organic compounds consistent with ancient microbial activity. While not conclusive evidence of past life, these findings significantly increase the probability of biological processes having occurred on Mars. Further sample return missions are recommended."">Spectroscopic analysis of Martian soil samples reveals the presence of organic compounds consistent with ancient microbial activity.</span>'}"
89012345,Methods,12,5,https://www.economicsnews.com/inflation-study,8,10.1257/aer.20230567,7,"We employ a dynamic stochastic general equilibrium model calibrated to US macroeconomic data from 2000-2023. Our analysis incorporates monetary policy shocks, supply chain disruptions, and labor market frictions. Standard errors are computed using bootstrap methods with 10,000 replications.","Economists are trying to understand why prices have risen so sharply. Using computer models, they've simulated different scenarios to predict what will happen next. Their forecasts suggest inflation may remain elevated for longer than expected.","Our analysis incorporates monetary policy shocks, supply chain disruptions, and labor market frictions.","Their forecasts suggest inflation may remain elevated for longer than expected.",False,0.18,"","{'News': '<span data-toggle=""tooltip"" data-html=""true"" data-placement=""top"" title=""Economists are trying to understand why prices have risen so sharply. Using computer models, they have simulated different scenarios to predict what will happen next. Their forecasts suggest inflation may remain elevated for longer than expected."">Their forecasts suggest inflation may remain elevated for longer than expected.</span>', 'Paper': '<span data-toggle=""tooltip"" data-html=""true"" data-placement=""top"" title=""We employ a dynamic stochastic general equilibrium model calibrated to US macroeconomic data from 2000-2023. Our analysis incorporates monetary policy shocks, supply chain disruptions, and labor market frictions. Standard errors are computed using bootstrap methods with 10,000 replications."">Our analysis incorporates monetary policy shocks, supply chain disruptions, and labor market frictions.</span>'}"
90123456,Results,28,8,https://www.neurosciencenews.com/alzheimers-treatment,9,10.1016/j.cell.2023.08.001,8,"Treatment with the novel antibody resulted in 35% reduction in amyloid plaque accumulation compared to placebo (p<0.001). Cognitive decline was slowed by 27% as measured by standardized assessments. Adverse events were primarily mild infusion reactions occurring in 12% of treated patients.","A breakthrough treatment for Alzheimer's disease has shown promising results in clinical trials. The new drug was able to slow cognitive decline by more than a quarter. Patients and their families are hopeful that this could be the first effective treatment for the devastating disease.","Treatment with the novel antibody resulted in 35% reduction in amyloid plaque accumulation compared to placebo (p<0.001).","A breakthrough treatment for Alzheimer's disease has shown promising results in clinical trials.",True,0.65,"","{'News': '<span data-toggle=""tooltip"" data-html=""true"" data-placement=""top"" title=""A breakthrough treatment for Alzheimer disease has shown promising results in clinical trials. The new drug was able to slow cognitive decline by more than a quarter. Patients and their families are hopeful that this could be the first effective treatment for the devastating disease."">A breakthrough treatment for Alzheimer disease has shown promising results in clinical trials.</span>', 'Paper': '<span data-toggle=""tooltip"" data-html=""true"" data-placement=""top"" title=""Treatment with the novel antibody resulted in 35% reduction in amyloid plaque accumulation compared to placebo (p<0.001). Cognitive decline was slowed by 27% as measured by standardized assessments. Adverse events were primarily mild infusion reactions occurring in 12% of treated patients."">Treatment with the novel antibody resulted in 35% reduction in amyloid plaque accumulation compared to placebo (p<0.001).</span>'}"
11223344,Discussion,19,6,https://www.renewablenews.com/solar-efficiency,10,10.1038/nenergy.2023.789,9,"The perovskite-silicon tandem solar cell achieved a certified efficiency of 33.7%, exceeding the theoretical limit for single-junction silicon cells. Stability tests demonstrated less than 5% degradation after 1000 hours of continuous illumination. Manufacturing costs are projected to be 40% lower than current technologies.","Solar power just got a major boost. Scientists have created a new type of solar panel that converts sunlight to electricity more efficiently than ever before. The breakthrough could make solar energy cheaper and more practical for widespread adoption.","The perovskite-silicon tandem solar cell achieved a certified efficiency of 33.7%, exceeding the theoretical limit for single-junction silicon cells.","Scientists have created a new type of solar panel that converts sunlight to electricity more efficiently than ever before.",True,0.72,"","{'News': '<span data-toggle=""tooltip"" data-html=""true"" data-placement=""top"" title=""Solar power just got a major boost. Scientists have created a new type of solar panel that converts sunlight to electricity more efficiently than ever before. The breakthrough could make solar energy cheaper and more practical for widespread adoption."">Scientists have created a new type of solar panel that converts sunlight to electricity more efficiently than ever before.</span>', 'Paper': '<span data-toggle=""tooltip"" data-html=""true"" data-placement=""top"" title=""The perovskite-silicon tandem solar cell achieved a certified efficiency of 33.7%, exceeding the theoretical limit for single-junction silicon cells. Stability tests demonstrated less than 5% degradation after 1000 hours of continuous illumination. Manufacturing costs are projected to be 40% lower than current technologies."">The perovskite-silicon tandem solar cell achieved a certified efficiency of 33.7%, exceeding the theoretical limit for single-junction silicon cells.</span>'}"
